Epoka University, epoka, epoka, Albania, Europe
Ieseg, ieseg, ieseg, France, Europe
EFREI, efrei, efrei, France, Europe
Santa Cruz, scruz, scruz, Brazil, America
Cape Breton, cbreton, cbreton, Canada, America
Jinan University, jinan, jinan, China, Asia
